total_pairs,attempted_runs,skipped_runs,successful_runs,success_rate,avg_iterations,avg_total_evaluations,avg_f_evals,avg_g_evals,avg_H_evals
28,24,4,22,0.9166666666666666,36.72727272727273,78.63636363636364,36.72727272727273,30.727272727272727,11.181818181818182
