method,total_pairs,attempted_runs,skipped_runs,successful_runs,success_rate,avg_iterations,avg_total_evaluations,avg_f_evals,avg_g_evals,avg_H_evals
GradientDescent,14,14,0,9,0.6428571428571429,156.0,958.4444444444445,802.4444444444445,156.0,0.0
GradientDescentW,14,14,0,10,0.7142857142857143,185.0,1581.9,1022.4,559.5,0.0
Newton,14,10,4,10,1.0,19.3,85.6,48.0,19.3,18.3
NewtonW,14,10,4,10,1.0,12.4,83.3,43.5,28.4,11.4
BFGS,14,13,1,13,1.0,43.92307692307692,215.0,171.07692307692307,43.92307692307692,0.0
BFGSW,14,13,1,13,1.0,38.92307692307692,254.23076923076923,173.6153846153846,80.61538461538461,0.0
DFP,14,13,1,8,0.6153846153846154,62.625,256.125,193.5,62.625,0.0
DFPW,14,13,1,9,0.6923076923076923,107.0,607.8888888888889,373.1111111111111,234.77777777777777,0.0
