method,total_pairs,attempted_runs,skipped_runs,successful_runs,success_rate,avg_iterations,avg_total_evaluations,avg_f_evals,avg_g_evals,avg_H_evals
GradientDescent,14,14,0,9,0.6428571428571429,155.11111111111111,954.3333333333334,799.2222222222222,155.11111111111111,0.0
GradientDescentW,14,14,0,10,0.7142857142857143,129.5,1408.0,1084.8,323.2,0.0
Newton,14,10,4,10,1.0,19.3,85.6,48.0,19.3,18.3
NewtonW,14,10,4,10,1.0,10.8,79.5,42.4,27.3,9.8
BFGS,14,13,1,13,1.0,43.92307692307692,215.07692307692307,171.15384615384616,43.92307692307692,0.0
BFGSW,14,13,1,13,1.0,29.307692307692307,268.6923076923077,185.69230769230768,83.0,0.0
DFP,14,13,1,8,0.6153846153846154,62.625,256.25,193.625,62.625,0.0
DFPW,14,13,1,12,0.9230769230769231,64.0,736.25,483.8333333333333,252.41666666666666,0.0
