total_pairs,attempted_runs,skipped_runs,successful_runs,success_rate,avg_iterations,avg_total_evaluations,avg_f_evals,avg_g_evals,avg_H_evals
28,24,4,23,0.9583333333333334,32.47826086956522,67.04347826086956,32.47826086956522,26.956521739130434,7.608695652173913
