total_pairs,attempted_runs,skipped_runs,successful_runs,success_rate,avg_iterations,avg_total_evaluations,avg_f_evals,avg_g_evals,avg_H_evals
28,24,4,23,0.9583333333333334,30.434782608695652,64.43478260869566,30.434782608695652,25.956521739130434,8.043478260869565
