total_pairs,attempted_runs,skipped_runs,successful_runs,success_rate,avg_iterations,avg_total_evaluations,avg_f_evals,avg_g_evals,avg_H_evals
28,24,4,23,0.9583333333333334,33.608695652173914,68.78260869565217,33.608695652173914,27.52173913043478,7.6521739130434785
